{
  "males": {
    "11": [
      -1.9972178148604,
      -1.160684475331,
      -0.77360467154103,
      0.82503528735314,
      -0.30124974226633,
      1.142304337492,
      0.81784969846217,
      -1.0630411528524,
      1.2944536497767,
      1.2526240337166
    ],
    "10": [
      0.65217938619659,
      -1.7545925439245,
      0.81076984501286,
      1.1250171197353,
      -0.048985843777219,
      -1.0463781246618,
      -1.0745726103151,
      -0.64923355559742,
      0.004947918037066,
      -0.92745023100077
    ],
    "13": [
      -0.79427106002179,
      -1.9188684173267,
      -0.92988373832081,
      -0.95172670713615,
      -0.88343742894427,
      1.542056756817,
      1.385284779209,
      -1.4152966898709,
      -0.81601371307484,
      1.7094622208591
    ],
    "12": [
      -0.42345819591185,
      -1.2448690168998,
      1.6198350666741,
      1.8143072901419,
      1.6987157262334,
      -0.79965779048144,
      1.0582791271355,
      -1.2518803776813,
      -0.60081421871886,
      -1.5127735018766
    ],
    "15": [
      0.12700567491599,
      -1.0275712851882,
      1.3590027505457,
      -1.0024364290212,
      0.68873810602203,
      1.8699572825099,
      0.85362774683257,
      0.67223673022187,
      0.95397031368226,
      1.2897483865703
    ],
    "14": [
      -1.3119619758193,
      -1.5917623839095,
      -0.60592564075141,
      -1.7143142521563,
      -0.64987999878461,
      0.6262540945079,
      1.3167076590028,
      1.3011964266134,
      1.9399722512344,
      -1.3909939136349
    ],
    "9": [
      -1.3191293246177,
      -1.8105102260414,
      0.085763468018444,
      0.44360688932552,
      0.2037910667444,
      -0.33020279275828,
      -1.6771372768648,
      -1.2942036212479,
      0.38480508947252,
      1.3196568976496
    ],
    "8": [
      -1.6487488009068,
      -1.1148984816901,
      1.4255817174915,
      0.98851763481106,
      -1.9316125725108,
      0.21953714718481,
      -1.1660269153938,
      0.70592928568491,
      -0.1433688815159,
      -1.7781850838595
    ],
    "1": [
      -1.9608193126741,
      -1.5911961480355,
      1.8456675130642,
      0.92677008546218,
      -0.24850518766562,
      0.7800398498641,
      0.38194921935006,
      -0.11672309721411,
      1.2392198563484,
      -1.81434780776
    ],
    "3": [
      0.061875426166499,
      -1.943694847113,
      -1.5497589781653,
      1.6074584597979,
      1.8967333815332,
      1.7163169651388,
      -1.2470891090548,
      1.6137188941789,
      -0.3755308061024,
      1.6047736329136
    ],
    "2": [
      -1.5619439303237,
      -1.7801591413032,
      -1.2722189504868,
      0.6971227556582,
      0.57251193397186,
      -1.2710856873921,
      1.7408404623521,
      0.19192747886645,
      -0.7902692508743,
      -0.61541367649735
    ],
    "5": [
      -0.80539197947227,
      -1.499350116675,
      -1.9096001994499,
      -1.5220979257794,
      1.2212191884217,
      1.1429052619345,
      1.3414406161181,
      -0.58153648280852,
      1.6642415213066,
      -1.5333842472581
    ],
    "4": [
      0.55307734359621,
      -1.969379104213,
      -1.3730481617702,
      -1.5929753379113,
      0.14793213505854,
      -1.9919615374544,
      0.19567741359561,
      -0.98853869186677,
      1.492976029154,
      -0.11842857996487
    ],
    "7": [
      -1.7440333052064,
      -0.75579874536511,
      1.7672327993006,
      -0.95173923558885,
      1.3760907025016,
      -0.36574198652332,
      -1.2165482075458,
      -1.8526646290221,
      1.9422756184164,
      1.383170471687
    ],
    "6": [
      -0.39172107167622,
      -1.845194030367,
      0.36367935108056,
      1.0124166333553,
      1.4773461610676,
      1.374205477269,
      1.5832830657058,
      1.4145686012484,
      1.4102759399704,
      0.75329525981082
    ]
  },
  "females": {
    "11": [
      0.4105709342884,
      -1.3720832101754,
      -0.4767349077405,
      0.62183042300741,
      -0.14762134484975,
      1.3850259063911,
      -0.62409561983022,
      1.2374544894329,
      0.02451009154737,
      0.91165574587098
    ],
    "10": [
      1.9879733063553,
      -0.7816936465521,
      0.4502622732926,
      0.56619723751373,
      -1.304205176469,
      -0.20926154443731,
      1.8858691120561,
      -0.4321960178029,
      1.5172351879586,
      1.0232390879567
    ],
    "13": [
      0.58626565401451,
      -1.7968754783183,
      -0.65273142784608,
      1.9600034601568,
      0.99224467451308,
      0.19208564145717,
      -0.60759045150473,
      -1.1166679853827,
      1.5288413710943,
      -1.7887051710537
    ],
    "12": [
      -0.819762339873,
      -1.1991566860781,
      1.0893697725393,
      -0.27649720032044,
      -1.4302256373028,
      1.6968678860659,
      -0.36362265447216,
      1.2473179443587,
      -0.4605987638079,
      1.7944389323893
    ],
    "15": [
      0.037479912315073,
      -1.9510586739613,
      1.1661674943793,
      0.90395718631803,
      0.05537818545198,
      -0.2548133441728,
      0.30766549066209,
      1.5346315357114,
      0.95241137305084,
      0.993049447443
    ],
    "14": [
      -1.5205004575812,
      -1.1922539958857,
      1.5960174111505,
      -0.58977045803788,
      -0.0096085789309637,
      1.9745241915292,
      -1.1424895718202,
      -0.52414362678096,
      -0.38691500571306,
      -0.51514554191515
    ],
    "9": [
      1.4144800180905,
      -1.7607639629011,
      -1.2866498945042,
      0.86051631633392,
      -1.3278672157919,
      -0.52634381929536,
      0.50539359628434,
      1.4713633505746,
      1.8318663763288,
      1.9133587502507
    ],
    "8": [
      1.744161508098,
      -1.6641651541918,
      -1.8635602388794,
      -0.90019657418085,
      -1.7487892885236,
      -1.6410401379853,
      0.64660509468516,
      -0.34802735593469,
      1.5419261580955,
      0.50405693718814
    ],
    "1": [
      1.191059769845,
      -1.434675184593,
      -0.02916551998431,
      1.8413637860933,
      0.64682812243552,
      -1.729565381424,
      -1.6262163049177,
      -1.0208824499187,
      0.62807081471123,
      0.49258615548029
    ],
    "3": [
      0.65080045306227,
      -1.8331642357857,
      0.0084170254673515,
      -0.27213562268845,
      -0.13154583947527,
      1.2878370404018,
      1.8113021991759,
      -1.9321822710555,
      -1.8825395304194,
      0.55228880001557
    ],
    "2": [
      1.9298692371273,
      -0.89649088358257,
      -1.9382675960773,
      -1.2197066673744,
      -0.81406557316965,
      0.56581415258134,
      -1.2432855832677,
      -1.0169616174929,
      -1.7041538545945,
      -1.7190814339591
    ],
    "5": [
      -1.4163622000268,
      -1.9530817321082,
      -0.98445148224932,
      -1.4454158506464,
      -1.3185557807885,
      -1.1363909714071,
      1.8258793053812,
      0.015118416368669,
      -1.5300230555536,
      -1.3902243519359
    ],
    "4": [
      1.1746953078056,
      -1.076698108164,
      1.5346849936522,
      1.0381089403882,
      -1.1807116236123,
      0.038349103584786,
      0.30115438073863,
      1.5720500471271,
      -0.30406695253962,
      1.9319108338079
    ],
    "7": [
      1.8201085728535,
      -1.6419838101548,
      -1.1124207237881,
      0.11229250219769,
      -1.2420953604882,
      1.6012222187432,
      -0.27812129551426,
      1.2171407827125,
      -1.0538037903224,
      0.36326433640132
    ],
    "6": [
      0.90963549125408,
      -0.67961733411376,
      -1.5257839449378,
      -0.47178233505498,
      -0.80848918722656,
      1.7590998119223,
      -1.1051826966053,
      1.74038190885,
      0.74831470316509,
      -0.28474903890049
    ]
  }
}