{
  "males": {
    "11": [
      -1.5127502548659,
      1.9325416555763,
      -0.32326691446196,
      -0.24828429789671,
      -1.5190850804093,
      -1.9189493094519,
      0.60458905698156,
      -1.4585823632396,
      -0.46458883756942,
      1.8855135002255
    ],
    "10": [
      1.0061604931622,
      1.5077397705888,
      0.86261758300368,
      -0.038887487232369,
      0.37389984407841,
      -1.805687823701,
      -1.1438376725871,
      0.36356572953185,
      -1.984391831712,
      1.5138565865994
    ],
    "13": [
      1.7059188809796,
      1.1070460268591,
      -1.4653954599389,
      0.22275437411433,
      -1.4368694034168,
      -1.4053200597582,
      0.54489803590742,
      -0.025700834028282,
      -0.062354215655207,
      0.69383464634034
    ],
    "12": [
      1.8610721509062,
      1.6171113863962,
      0.041011542650304,
      0.037790817360065,
      -1.3920125173004,
      1.8582809602666,
      -0.13711437328069,
      -0.10145811680257,
      -1.6023456818999,
      1.207817784092
    ],
    "15": [
      0.9443003448915,
      1.9349180571064,
      0.27067468068224,
      1.3991901118973,
      -1.4910303197934,
      -1.7530284128644,
      -0.84199130574087,
      -0.42564058496691,
      0.23761538033171,
      -0.12643890363868
    ],
    "14": [
      1.4758515994774,
      1.8843947704576,
      0.29005655305613,
      -1.4348996001329,
      1.1611618463018,
      -0.46669937333234,
      0.30362136823195,
      -0.93184101840507,
      1.1773962078913,
      -1.9762192679997
    ],
    "9": [
      1.3883904060543,
      1.9570453712001,
      0.65798455052955,
      1.5336241606073,
      -1.5410797227548,
      0.75443868827385,
      0.35103278105257,
      -0.28844448854781,
      -0.88416623605282,
      -0.24563935966087
    ],
    "8": [
      -0.076604490345676,
      1.6627117596317,
      -0.1623515029577,
      -1.255048512086,
      -1.0134101950248,
      -1.6008010593617,
      1.7530374183413,
      0.30944734515449,
      -1.8040954329168,
      -0.93113253810111
    ],
    "1": [
      1.7903712426054,
      0.99835104695361,
      -0.51824029007245,
      -0.08795659206922,
      -1.0243101149516,
      -1.1681213199275,
      1.3966726890242,
      -1.0933386844812,
      0.96743065250751,
      0.050007390022814
    ],
    "3": [
      1.7330931400058,
      1.8389413012533,
      -0.72324826218603,
      0.59533820796266,
      -0.34293601972219,
      -1.0912488232296,
      -1.893302818381,
      -0.81617060884656,
      -0.2713431594817,
      0.9936442211877
    ],
    "2": [
      1.4756120640146,
      1.8940798289382,
      1.6512743782088,
      1.6406072013082,
      1.1387382407002,
      -0.48165657190707,
      0.42324610753087,
      0.45795475959055,
      0.79108050711447,
      1.3166767832042
    ],
    "5": [
      1.3421736626683,
      1.9471512907291,
      1.0644446203422,
      -1.6710368357191,
      -0.21218204082611,
      -0.030934958925736,
      -0.58562570811562,
      -1.7267597942324,
      -1.1938926984898,
      0.82563299581347
    ],
    "4": [
      1.6929941180358,
      1.686521053763,
      -1.4124957254234,
      -1.0538531014634,
      -0.07132819115721,
      0.22627996545863,
      -0.94628319197343,
      -0.39592869103493,
      0.42200776642854,
      -0.0023639626452723
    ],
    "7": [
      1.3579948714298,
      1.7378162779722,
      0.87505628484056,
      -1.0403213309936,
      1.037918203323,
      -1.5034409075208,
      -0.49428648347493,
      0.58350417452843,
      -1.58081780132,
      -1.119739249858
    ],
    "6": [
      0.76168253349759,
      1.7176471179916,
      -1.9864979647855,
      1.1558730387649,
      0.63384754662251,
      -0.35789849607093,
      -0.17399821553063,
      -0.83374286644656,
      0.92552061084997,
      0.63155684559101
    ]
  },
  "females": {
    "11": [
      -0.12171510649107,
      1.8562524156117,
      0.4533448817378,
      -0.48795695685087,
      -0.15271689924855,
      -1.1188539762517,
      -1.8816705004358,
      -1.0031683845929,
      -1.497375940529,
      1.1640022254614
    ],
    "10": [
      0.094390955847391,
      1.7573872893155,
      -1.5306300125985,
      -1.958115123136,
      -1.4820126923075,
      1.5801879443959,
      1.4321904179128,
      -0.48800453741589,
      -1.5802638131609,
      -1.3128880159921
    ],
    "13": [
      -1.9109399434798,
      1.4382996697852,
      -1.7421519960936,
      0.70813091941601,
      -0.61603960159974,
      -1.2425974720703,
      -0.38339488126979,
      1.6705268355358,
      0.019753397190747,
      -1.0594022189567
    ],
    "12": [
      -0.88691443463414,
      1.9730700788034,
      -1.0229780114549,
      0.81380606607305,
      -1.2050869876453,
      -0.50433454494424,
      -0.2807360194176,
      1.9257739473828,
      0.40299055138112,
      -1.4378131385765
    ],
    "15": [
      -1.0568263081197,
      1.5775923673303,
      -1.0030145104349,
      -0.82981498521774,
      -0.22809781133076,
      -1.5196342846985,
      1.0432730608204,
      0.32824524992514,
      -0.98883060578437,
      0.055354995493733
    ],
    "14": [
      -0.70043169758176,
      1.9709154164921,
      0.43035813021372,
      -0.38220363009589,
      -1.8798957669845,
      0.35289833622702,
      0.72493769700813,
      -0.032508754132634,
      0.056789689280992,
      -1.6042601471
    ],
    "9": [
      -0.18555574938204,
      1.946328864148,
      0.040965024165514,
      -0.18909841811651,
      -1.1046026141489,
      -1.3661068219084,
      0.30140736041175,
      1.6343661208159,
      -0.45839065044144,
      -1.7617827965937
    ],
    "8": [
      -1.647083445631,
      1.356749216015,
      -1.8235462984144,
      1.4958958499059,
      -1.8912477746124,
      -1.1280117598451,
      -1.068849787544,
      -1.4403411936371,
      0.62155621588537,
      -1.1942211786632
    ],
    "1": [
      -1.500107151906,
      1.1889547419138,
      -1.2987079132498,
      -0.93199916869853,
      -1.8736262767898,
      -0.46811567386553,
      -0.071376856816367,
      0.58496842591824,
      -1.8585416118692,
      -0.96145053360955
    ],
    "3": [
      -0.97209986446613,
      1.7973861959586,
      1.7658026236207,
      -0.93902059397981,
      -0.31208099978551,
      -0.70455575930187,
      1.3229818140105,
      -1.1164239167658,
      -0.59793398317456,
      -1.4225607035835
    ],
    "2": [
      -1.9107324399382,
      1.8781826478729,
      1.9694325929535,
      -1.3711757314315,
      1.0158743153376,
      0.1716862050726,
      0.2936332380993,
      -1.2379165158975,
      -1.4613193461669,
      0.21305020677603
    ],
    "5": [
      -1.9258963819545,
      1.8001656764488,
      -0.63162515314115,
      0.66612559632499,
      -0.88126075644695,
      -0.56285421654534,
      -0.68289293512647,
      -1.5520218683031,
      1.010936411914,
      -1.4198609437518
    ],
    "4": [
      -1.8215860247398,
      1.7194159395847,
      -0.42116931112287,
      -0.35209713287932,
      -0.43705341242533,
      1.9090598863015,
      -0.91383015791734,
      -1.9808018867074,
      0.053635590815872,
      0.74527830921601
    ],
    "7": [
      -1.7952287017129,
      1.5330274182966,
      -1.5162397916857,
      -0.86630685141642,
      -0.4686480242895,
      -0.57800557555898,
      0.65025780985334,
      0.66511177296603,
      1.4360374970343,
      1.0057281589626
    ],
    "6": [
      1.4758160680062,
      1.9849188985058,
      -1.9206506463298,
      -1.0312245018595,
      1.1789173089789,
      -1.1757421071364,
      -1.3857530970076,
      -1.7663654993943,
      1.5359475786896,
      -1.1865902654913
    ]
  }
}